Hour,Minute,Second,Temp,Longitude,Latitude,Altitude
17,27,51,21,0,0,0,0
17,27,57,21,0,0,0,0
17,28,3,20,0,0,0,0
17,28,9,21,0,0,0,0
17,28,15,22,0,0,0,0
17,28,20,21,0,0,0,0
17,28,27,23,0,0,0,0
17,28,33,25,0,0,0,0
17,28,39,25,0,0,0,0
17,28,45,24,0,0,0,0
17,28,51,24,0,0,0,0
17,28,57,24,0,0,0,0
17,29,3,-273,1,0,0,0
ï¿½17,29,8,24,0,0,0,0
17,29,15,-273,1,0,0,0
17,29,21,24,0,0,0,0
17,29,27,24,0,0,0,0
17,29,32,24,0,0,0,0
17,29,39,24,0,0,0,0
17,29,45,24,0,0,0,0
17,29,51,24,0,0,0,0
17,29,57,24,0,0,0,0
17,30,3,24,0,0,0,0
17,30,9,24,0,0,0,0
17,30,15,24,0,0,0,0
17,30,21,24,0,0,0,0
17,30,27,24,0,0,0,0
17,30,33,24,0,0,0,0
17,30,39,24,0,0,0,0
17,30,45,24,0,0,0,0
17,30,51,24,0,0,0,0
17,30,57,24,0,0,0,0
17,31,2,25,0,0,0,0
17,31,9,25,0,0,0,0
17,31,15,25,0,0,0,0
17,31,21,25,0,0,0,0
17,31,27,25,0,0,0,0
17,31,33,25,0,0,0,0
17,31,39,25,0,0,0,0
17,31,45,25,0,0,0,0
17,31,51,25,0,0,0,0
17,31,57,25,0,0,0,0
17,32,3,25,0,0,0,0
17,32,9,25,0,0,0,0
17,32,15,25,0,0,0,0
17,32,21,25,0,0,0,0
17,32,27,25,0,0,0,0
17,32,32,25,0,0,0,0
17,32,39,25,0,0,0,0
17,32,45,25,0,0,0,0
17,32,51,25,0,0,0,0
17,32,56,25,0,0,0,0
17,33,3,25,0,0,0,0
17,33,9,25,0,0,0,0
17,33,15,25,0,0,0,0
17,33,21,25,0,0,0,0
17,33,27,25,0,0,0,0
17,33,33,26,0,0,0,0
17,33,39,26,0,0,0,0
17,33,45,26,0,0,0,0
17,33,51,26,0,0,0,0
17,33,57,26,0,0,0,0
17,34,2,26,0,0,0,0
17,34,9,26,0,0,0,0
17,34,15,26,0,0,0,0
17,34,21,26,0,0,0,0
17,34,27,26,0,0,0,0
17,34,33,26,0,0,0,0
17,34,39,26,0,0,0,0
17,34,45,26,0,0,0,0
17,34,51,26,0,0,0,0
17,34,57,26,0,0,0,0
17,35,3,26,0,0,0,0
17,35,8,26,0,0,0,0
17,35,15,26,0,0,0,0
17,35,21,26,0,0,0,0
17,35,27,26,0,0,0,0
17,35,33,26,0,0,0,0
17,35,39,26,0,0,0,0
17,35,45,26,0,0,0,0
17,35,51,26,0,0,0,0
17,35,57,26,0,0,0,0
17,36,3,26,0,0,0,0
17,36,9,26,0,0,0,0
17,36,15,27,0,0,0,0
17,36,21,27,0,0,0,0
17,36,27,27,0,0,0,0
17,36,33,27,0,0,0,0
17,36,39,27,0,0,0,0
17,36,45,27,0,0,0,0
17,36,51,27,0,0,0,0
17,36,57,27,0,0,0,0
17,37,2,27,0,0,0,0
17,37,9,27,0,0,0,0
17,37,15,27,0,0,0,0
17,37,21,27,0,0,0,0
17,37,26,27,0,0,0,0
17,37,33,27,0,0,0,0
17,37,39,27,0,0,0,0
17,37,45,27,0,0,0,0
17,37,51,27,0,0,0,0
17,37,57,27,0,0,0,0
17,38,3,27,0,0,0,0
17,38,9,27,0,0,0,0
17,38,15,27,0,0,0,0
17,38,21,27,0,0,0,0
17,38,27,27,0,0,0,0
17,38,33,27,0,0,0,0
17,38,39,27,0,0,0,0
17,38,45,28,0,0,0,0
17,38,51,27,0,0,0,0
17,38,56,28,0,0,0,0
17,39,3,28,0,0,0,0
17,39,9,28,0,0,0,0
17,39,15,28,0,0,0,0
17,39,21,28,0,0,0,0
17,39,27,28,0,0,0,0
17,39,33,28,0,0,0,0
17,39,39,28,0,0,0,0
17,39,45,28,0,0,0,0
17,39,51,28,0,0,0,0
17,39,57,28,0,0,0,0
17,40,3,28,0,0,0,0
17,40,9,28,0,0,0,0
17,40,15,28,0,0,0,0
17,40,21,28,0,0,0,0
17,40,26,28,0,0,0,0
17,40,33,28,0,0,0,0
17,40,39,28,0,0,0,0
17,40,45,28,0,0,0,0
17,40,50,28,0,0,0,0
17,40,57,28,0,0,0,0
17,41,3,28,0,0,0,0
17,41,9,28,0,0,0,0
17,41,14,28,0,0,0,0
17,41,21,28,0,0,0,0
17,41,27,28,0,0,0,0
17,41,33,28,0,0,0,0
17,41,39,29,0,0,0,0
17,41,45,29,0,0,0,0
17,41,51,29,0,0,0,0
17,41,57,29,0,0,0,0
17,42,3,29,0,0,0,0
17,42,9,29,0,0,0,0
17,42,15,29,0,0,0,0
17,42,20,29,0,0,0,0
17,42,27,29,0,0,0,0
17,42,33,29,0,0,0,0
17,42,39,29,0,0,0,0
17,42,44,29,0,0,0,0
17,42,51,29,0,0,0,0
17,42,57,29,0,0,0,0
17,43,3,29,0,0,0,0
17,43,9,29,0,0,0,0
17,43,15,29,0,0,0,0
17,43,21,29,0,0,0,0
17,43,27,29,0,0,0,0
17,43,33,29,0,0,0,0
17,43,39,29,0,0,0,0
17,43,45,29,0,0,0,0
17,43,51,29,0,0,0,0
17,43,57,29,0,0,0,0
17,44,3,29,0,0,0,0
17,44,9,29,0,0,0,0
17,44,14,29,0,0,0,0
17,44,21,29,0,0,0,0
17,44,27,29,0,0,0,0
17,44,33,29,0,0,0,0
17,44,38,29,0,0,0,0
17,44,44,30,0,0,0,0
17,44,50,30,0,0,0,0
17,44,56,30,0,0,0,0
17,45,2,30,0,0,0,0
17,45,8,30,0,0,0,0
17,45,14,30,0,0,0,0
17,45,20,30,0,0,0,0
17,45,26,30,0,0,0,0
17,45,32,30,0,0,0,0
17,45,38,30,0,374537591,-1221912670,-11070
17,45,44,30,0,374537792,-1221912943,-14777
17,45,50,30,0,374538077,-1221912929,-17131
17,45,56,30,0,374538045,-1221913011,-16690
17,46,2,30,0,374537677,-1221913104,-13672
17,46,8,30,0,374537572,-1221913119,-11864
17,46,14,30,0,374537450,-1221912940,-9808
17,46,20,30,0,374537262,-1221912738,-7547
17,46,26,30,0,374537091,-1221912617,-6124
17,46,32,30,0,374537025,-1221912639,-7004
17,46,38,30,0,374537052,-1221912672,-7672
17,46,44,30,0,374537040,-1221912637,-6916
17,46,50,30,0,374537037,-1221912525,-6402
17,46,56,30,0,374537079,-1221912392,-6465
17,47,2,30,0,374537095,-1221912351,-7810
17,47,8,30,0,374536999,-1221912425,-10197
17,47,14,30,0,374536953,-1221912522,-12739
17,47,20,30,0,374536909,-1221912599,-14656
17,47,26,30,0,374536891,-1221912609,-14524
17,47,32,30,0,374536888,-1221912618,-12292
17,47,38,30,0,374536890,-1221912630,-10161
17,47,44,30,0,374536871,-1221912617,-7928
17,47,50,30,0,374536868,-1221912634,-6676
17,47,56,30,0,374536768,-1221912608,-3938
17,48,2,30,0,374536656,-1221912624,-2839
17,48,8,31,0,374536568,-1221912681,-1861
17,48,14,31,0,374536539,-1221912693,-1165
17,48,20,31,0,374536552,-1221912701,-1745
17,48,26,31,0,374536508,-1221912817,-473
17,48,32,31,0,374536404,-1221912876,2154
17,48,38,31,0,374536358,-1221912894,3792
17,48,44,31,0,374536402,-1221912839,3444
17,48,50,31,0,374536571,-1221912677,1913
17,48,56,31,0,374536721,-1221912490,857
17,49,2,31,0,374536756,-1221912409,-1166
17,49,8,31,0,374536745,-1221912438,-933
17,49,14,31,0,374536623,-1221912589,-444
17,49,20,31,0,374536598,-1221912621,-836
17,49,26,31,0,374536581,-1221912686,-1673
17,49,32,31,0,374536520,-1221912611,-1984
17,49,38,31,0,374536607,-1221912650,-4359
17,49,44,31,0,374536727,-1221912674,-7681
17,49,50,31,0,374536794,-1221912722,-9261
17,49,56,31,0,374536817,-1221912741,-10704
17,50,2,31,0,374536741,-1221912712,-10877
17,50,8,31,0,374536685,-1221912676,-9703
17,50,14,31,0,374536659,-1221912630,-8352
17,50,20,31,0,374536653,-1221912545,-7474
17,50,26,31,0,374536654,-1221912463,-6985
17,50,32,31,0,374536679,-1221912415,-8411
17,50,38,31,0,374536721,-1221912372,-9524
17,50,44,31,0,374536764,-1221912395,-10961
17,50,50,31,0,374536777,-1221912480,-11114
17,50,56,31,0,374536847,-1221912602,-9706
17,51,2,31,0,374536940,-1221912775,-9974
17,51,8,31,0,374536997,-1221912876,-9345
17,51,14,31,0,374536981,-1221912916,-8000
17,51,20,31,0,374536950,-1221912957,-5310
17,51,26,31,0,374536922,-1221912953,-4396
17,51,32,31,0,374536880,-1221912950,-3353
17,51,38,31,0,374536847,-1221912998,-2727
17,51,44,31,0,374536836,-1221913033,-3178
17,51,50,31,0,374536822,-1221913092,-4378
17,51,56,31,0,374536790,-1221913153,-4535
17,52,2,31,0,374536747,-1221913246,-4243
17,52,8,31,0,374536708,-1221913358,-4407
17,52,14,32,0,374536689,-1221913414,-2385
17,52,20,32,0,374536681,-1221913445,-922
17,52,26,32,0,374536686,-1221913452,266
17,52,32,32,0,374536681,-1221913456,1730
17,52,38,32,0,374536729,-1221913432,6152
17,52,44,32,0,374536774,-1221913368,7290
17,52,50,32,0,374536821,-1221913262,9981
17,52,56,32,0,374536805,-1221913197,13949
17,53,2,32,0,374536741,-1221913169,15614
17,53,8,32,0,374536694,-1221913120,15687
17,53,14,32,0,374536629,-1221913130,17043
17,53,20,32,0,374536588,-1221913137,17079
17,53,26,32,0,374536565,-1221913090,15273
17,53,32,32,0,374536567,-1221912978,13269
17,53,38,32,0,374536570,-1221912958,11534
17,53,44,32,0,374536587,-1221912886,10078
17,53,50,32,0,374536567,-1221912853,7302
17,53,56,32,0,374536590,-1221912781,4339
17,54,2,32,0,374536559,-1221912908,4166
17,54,8,32,0,374536503,-1221913052,4792
17,54,14,32,0,374536447,-1221913082,-1228
17,54,20,32,0,374536478,-1221913125,-3132
17,54,26,32,0,374536530,-1221913151,-6395
17,54,32,32,0,374536535,-1221913148,-7075
17,54,38,32,0,374536536,-1221913067,-6323
17,54,44,32,0,374536657,-1221912989,-6865
17,54,50,32,0,374536677,-1221912924,-6685
17,54,56,32,0,374536696,-1221912976,-7110
17,55,2,32,0,374536834,-1221912842,-8828
17,55,8,32,0,374536830,-1221912815,-9208
17,55,14,32,0,374536753,-1221912781,-10117
17,55,20,32,0,374536724,-1221912766,-10903
17,55,26,32,0,374536713,-1221912725,-11414
17,55,32,32,0,374536665,-1221912770,-10285
17,55,38,32,0,374536692,-1221912807,-11305
17,55,44,32,0,374536673,-1221912744,-12238
17,55,50,32,0,374536622,-1221912607,-13134
17,55,56,32,0,374536522,-1221912482,-12900
17,56,2,32,0,374536587,-1221912426,-21142
17,56,8,32,0,374536494,-1221912310,-23513
17,56,14,32,0,374536491,-1221912240,-24429
17,56,20,32,0,374536501,-1221912168,-25497
17,56,26,32,0,374536470,-1221912220,-25464
17,56,32,32,0,374536541,-1221912345,-24772
17,56,38,32,0,374536616,-1221912380,-25112
17,56,44,32,0,374536635,-1221912091,-28794
17,56,50,32,0,374536728,-1221912025,-28337
17,56,56,32,0,374536849,-1221911949,-26563
17,57,2,32,0,374536952,-1221912167,-20634
17,57,8,32,0,374536964,-1221912268,-16699
17,57,14,32,0,374536971,-1221912399,-13611
17,57,20,32,0,374536942,-1221912452,-13079
17,57,26,32,0,374537032,-1221912538,-11963
17,57,32,32,0,374537125,-1221912918,-8536
17,57,38,32,0,374537110,-1221913196,-6633
17,57,44,32,0,374537164,-1221913277,-5529
17,57,50,32,0,374537170,-1221913381,-4033
17,57,56,32,0,374537112,-1221913348,-4849
17,58,2,32,0,374537141,-1221913327,-4622
17,58,8,32,0,374537102,-1221913257,-5624
17,58,14,32,0,374537329,-1221913132,-6758
17,58,20,32,0,374537385,-1221912955,-8993
17,58,26,32,0,374537350,-1221912698,-11434
17,58,32,32,0,374537215,-1221912565,-13537
17,58,38,32,0,374537044,-1221912601,-14284
17,58,44,32,0,374537055,-1221912669,-13732
17,58,50,32,0,374537052,-1221912759,-12548
17,58,56,32,0,374537127,-1221912736,-11034
17,59,2,32,0,374537216,-1221912648,-10763
17,59,8,32,0,374537264,-1221912471,-12982
17,59,14,32,0,374537104,-1221912328,-14287
17,59,20,32,0,374536981,-1221912316,-13133
17,59,26,32,0,374536883,-1221912456,-9615
17,59,32,32,0,374536868,-1221912468,-8667
17,59,38,32,0,374536820,-1221912481,-8449
17,59,44,32,0,374536813,-1221912478,-7714
17,59,50,32,0,374536866,-1221912422,-9290
17,59,56,32,0,374536892,-1221912440,-10093
18,0,2,32,0,374536867,-1221912546,-11358
18,0,8,32,0,374536848,-1221912559,-14381
18,0,14,32,0,374536846,-1221912535,-16665
18,0,20,32,0,374536730,-1221912532,-12819
18,0,26,32,0,374536827,-1221912560,-8844
18,0,32,32,0,374536783,-1221912583,-4357
18,0,38,32,0,374536807,-1221912601,-2380
18,0,44,32,0,374536856,-1221912646,338
18,0,50,32,0,374536838,-1221912650,1963
18,0,56,32,0,374536909,-1221912643,3838
18,1,2,32,0,374536915,-1221912760,6291
18,1,8,32,0,374536908,-1221912851,8076
18,1,14,32,0,374536894,-1221912841,8016
18,1,20,32,0,374536891,-1221912710,10661
18,1,26,32,0,374536920,-1221912581,11888
18,1,32,33,0,374536933,-1221912459,12486
18,1,38,32,0,374536961,-1221912526,12170
18,1,44,33,0,374537052,-1221912433,12917
18,1,50,33,0,374537041,-1221912429,13555
18,1,56,33,0,374537101,-1221912510,14659
18,2,2,33,0,374536761,-1221912725,14666
18,2,8,33,0,374537081,-1221912415,16087
18,2,14,33,0,374536987,-1221912601,17821
18,2,20,33,0,374537015,-1221912405,18196
18,2,26,33,0,374537026,-1221912333,19429
18,2,32,33,0,374537050,-1221912407,20177
18,2,38,33,0,374537236,-1221912289,21385
18,2,44,33,0,374537237,-1221912309,23239
18,2,50,33,0,374537449,-1221912332,22874
18,2,56,33,0,374537727,-1221912237,21416
18,3,2,33,0,374537791,-1221912170,21408
18,3,8,33,0,374537557,-1221912290,23001
18,3,14,33,0,374537525,-1221912149,24995
18,3,20,33,0,374537318,-1221912391,26483
18,3,26,33,0,374537514,-1221912301,27236
18,3,32,33,0,374537483,-1221912389,27201
18,3,38,33,0,374537042,-1221912135,27242
18,3,44,33,0,374537258,-1221912237,27195
18,3,50,33,0,374537146,-1221912184,29391
18,3,56,33,0,374536746,-1221912181,29813
18,4,2,33,0,374537001,-1221911870,31408
18,4,8,33,0,374537053,-1221911933,33282
18,4,14,33,0,374536848,-1221912008,34704
18,4,20,33,0,374536509,-1221911745,33368
18,4,26,33,0,374536538,-1221911880,33425
18,4,32,33,0,374536527,-1221912215,35115
18,4,38,33,0,374536778,-1221911925,35549
18,4,44,33,0,374536376,-1221912231,36234
18,4,50,33,0,374536351,-1221912428,37112
18,4,56,33,0,374536690,-1221912041,38656
18,5,2,33,0,374536478,-1221912219,38861
18,5,8,33,0,374536446,-1221912515,38700
18,5,14,33,0,374536794,-1221912161,40157
18,5,20,33,0,374537091,-1221912144,41001
18,5,26,33,0,374536822,-1221912269,40102
18,5,32,33,0,374537285,-1221912061,41239
18,5,38,33,0,374537350,-1221911962,42338
18,5,44,33,0,374537343,-1221912209,42484
18,5,50,33,0,374537248,-1221911813,43313
18,5,56,33,0,374537425,-1221911629,46607
18,6,2,33,0,374537554,-1221912011,47487
18,6,8,33,0,374537096,-1221911807,49165
18,6,14,33,0,374537032,-1221911758,49526
18,6,20,33,0,374537410,-1221911685,50340
18,6,26,33,0,374537155,-1221911677,50511
18,6,32,33,0,374536724,-1221911872,49759
18,6,38,33,0,374536851,-1221911956,50193
18,6,44,33,0,374536900,-1221912109,51589
18,6,50,33,0,374537018,-1221912081,53103
18,6,56,33,0,374536959,-1221911882,54339
18,7,2,33,0,374536752,-1221911963,55382
18,7,8,33,0,374536983,-1221911814,55859
18,7,14,33,0,374536834,-1221911765,56515
18,7,20,33,0,374536470,-1221911873,58114
18,7,26,33,0,374536405,-1221912104,59089
18,7,32,33,0,374536693,-1221912120,60671
18,7,38,33,0,374537001,-1221911786,61240
18,7,44,33,0,374537186,-1221912140,61418
18,7,50,33,0,374536853,-1221912170,61356
18,7,56,33,0,374536917,-1221912025,62249
18,8,2,33,0,374536881,-1221912120,62466
18,8,8,33,0,374536806,-1221911994,63778
18,8,14,33,0,374536811,-1221912058,63843
18,8,20,33,0,374536965,-1221911957,65384
18,8,26,33,0,374537180,-1221911876,65865
18,8,32,33,0,374536840,-1221911981,66101
18,8,38,33,0,374536744,-1221912058,68439
18,8,44,33,0,374537109,-1221912000,69646
18,8,50,33,0,374537191,-1221912060,71003
18,8,56,33,0,374537008,-1221911961,72834
18,9,2,33,0,374537058,-1221911962,72465
18,9,8,33,0,374537260,-1221911467,71817
18,9,14,33,0,374537239,-1221911256,73884
18,9,20,33,0,374536861,-1221911260,76882
18,9,26,33,0,374536657,-1221911396,77853
18,9,32,33,0,374536547,-1221911365,78330
18,9,38,33,0,374536721,-1221911185,79232
18,9,44,33,0,374536907,-1221910854,80725
18,9,50,33,0,374537001,-1221911123,78638
18,9,56,33,0,374537059,-1221911503,80026
18,10,2,33,0,374536757,-1221911631,81319
18,10,8,33,0,374536723,-1221911596,81654
18,10,14,33,0,374536769,-1221911657,82075
18,10,20,33,0,374536899,-1221911624,82737
18,10,26,33,0,374537079,-1221911616,85297
18,10,32,33,0,374537093,-1221911721,86690
18,10,38,33,0,374537199,-1221911472,87339
18,10,44,33,0,374537049,-1221911558,90906
18,10,50,33,0,374537149,-1221911485,91382
18,10,56,33,0,374537339,-1221911587,92467
18,11,2,33,0,374537509,-1221911456,92510
18,11,8,33,0,374537459,-1221911677,92930
18,11,14,33,0,374537390,-1221911908,93408
18,11,20,33,0,374537517,-1221912034,95729
18,11,26,33,0,374537657,-1221912144,97116
18,11,32,33,0,374537251,-1221912258,96994
18,11,38,33,0,374537028,-1221912228,99769
18,11,44,33,0,374536993,-1221912217,100496
18,11,50,33,0,374536994,-1221912213,101892
18,11,56,33,0,374536984,-1221912064,101994
18,12,2,33,0,374537159,-1221911967,104445
18,12,8,33,0,374537124,-1221912177,107374
18,12,14,33,0,374536963,-1221912297,110172
18,12,20,33,0,374536800,-1221912333,112157
18,12,26,33,0,374536690,-1221912216,114364
18,12,32,33,0,374536592,-1221912088,117317
18,12,38,33,0,374536607,-1221912367,119439
18,12,44,33,0,374536542,-1221912630,119429
18,12,50,33,0,374536504,-1221912350,120888
18,12,56,33,0,374536549,-1221912016,120862
18,13,2,33,0,374536699,-1221911872,121283
18,13,8,33,0,374536784,-1221911763,121987
18,13,14,33,0,374536518,-1221911921,123665
18,13,20,33,0,374536543,-1221911894,124948
18,13,26,33,0,374536376,-1221911913,126871
18,13,32,33,0,374536367,-1221911753,129455
18,13,38,33,0,374536577,-1221911523,131996
18,13,44,33,0,374536546,-1221911469,134637
18,13,50,33,0,374536619,-1221911458,137875
18,13,56,33,0,374536717,-1221911222,141513
18,14,2,33,0,374536579,-1221911330,142012
18,14,8,33,0,374536219,-1221911448,142346
18,14,14,33,0,374536222,-1221911625,142411
18,14,20,33,0,374536089,-1221911681,143750
18,14,26,33,0,374535779,-1221911774,145681
18,14,32,33,0,374535611,-1221911937,147214
18,14,38,33,0,374535669,-1221912171,148701
18,14,44,33,0,374535662,-1221912529,150015
18,14,50,33,0,374535547,-1221912734,151768
18,14,56,33,0,374535504,-1221912711,154252
18,15,2,33,0,374535602,-1221912400,156486
18,15,8,33,0,374535662,-1221912336,157647
18,15,14,33,0,374535888,-1221912259,159853
18,15,20,33,0,374535987,-1221912144,162113
18,15,26,33,0,374536112,-1221912343,163017
18,15,32,33,0,374536238,-1221912759,163445
18,15,38,33,0,374536248,-1221912602,164798
18,15,44,33,0,374536136,-1221912472,165136
18,15,50,33,0,374536407,-1221912418,167023
18,15,56,33,0,374536626,-1221912167,168879
18,16,2,33,0,374536479,-1221911816,169853
18,16,8,33,0,374536440,-1221912107,171419
18,16,14,33,0,374536583,-1221912365,172130
18,16,20,33,0,374536653,-1221912128,173288
18,16,26,33,0,374536523,-1221911867,174329
18,16,32,33,0,374536439,-1221911904,175491
18,16,38,33,0,374536374,-1221912223,176908
18,16,44,33,0,374536510,-1221912135,179183
18,16,50,33,0,374536394,-1221911975,181069
18,16,56,33,0,374536204,-1221912070,183361
18,17,2,33,0,374536306,-1221911986,184781
18,17,8,33,0,374536287,-1221911758,185780
18,17,14,33,0,374536031,-1221911985,186718
18,17,20,33,0,374535959,-1221912471,188193
18,17,26,33,0,374535847,-1221913000,189523
18,17,32,33,0,374535734,-1221913554,190910
18,17,38,33,0,374535691,-1221913531,193530
18,17,44,33,0,374535443,-1221913282,196600
18,17,50,33,0,374535276,-1221913450,198027
18,17,56,33,0,374535426,-1221913505,198679
18,18,2,33,0,374535389,-1221913482,199294
18,18,8,33,0,374535345,-1221913813,200576
18,18,14,33,0,374535240,-1221914307,200229
18,18,20,33,0,374535265,-1221914550,200851
18,18,26,33,0,374535351,-1221915101,199991
18,18,32,33,0,374534969,-1221915104,202337
18,18,38,33,0,374534623,-1221914825,204496
18,18,44,33,0,374534218,-1221914379,208140
18,18,50,33,0,374534142,-1221914103,210484
18,18,56,33,0,374534050,-1221913864,213747
18,19,2,33,0,374534109,-1221913576,216019
18,19,8,33,0,374534158,-1221912711,217363
18,19,14,33,0,374534100,-1221912489,218016
18,19,20,33,0,374534017,-1221912103,220433
18,19,26,33,0,374534082,-1221912006,222687
18,19,32,33,0,374534026,-1221911751,224716
18,19,38,33,0,374533925,-1221911194,225933
18,19,44,33,0,374534010,-1221910923,228266
18,19,50,33,0,374534215,-1221910615,229935
18,19,56,33,0,374534677,-1221910517,231869
18,20,2,33,0,374534854,-1221911302,233306
18,20,8,33,0,374534919,-1221912187,235717
18,20,14,33,0,374535168,-1221912696,237557
18,20,20,33,0,374535370,-1221912501,239089
18,20,26,33,0,374535655,-1221912666,240708
18,20,32,33,0,374535874,-1221912860,240662
18,20,38,33,0,374535952,-1221912736,242014
18,20,44,33,0,374536037,-1221912328,242329
18,20,50,33,0,374536009,-1221912019,242685
18,20,56,33,0,374536052,-1221912024,243893
18,21,2,33,0,374535995,-1221912359,245488
18,21,8,33,0,374536148,-1221912542,246626
18,21,14,33,0,374536115,-1221912377,248751
18,21,20,33,0,374536057,-1221912035,250382
18,21,26,33,0,374536027,-1221911893,252942
18,21,32,33,0,374535991,-1221912074,254731
18,21,38,33,0,374535920,-1221912345,256590
18,21,44,33,0,374535898,-1221912424,257729
18,21,50,33,0,374535872,-1221912194,259182
18,21,56,33,0,374535881,-1221912106,260289
18,22,2,33,0,374535852,-1221911773,261906
18,22,8,33,0,374535850,-1221911584,263379
18,22,14,33,0,374535887,-1221911788,264725
18,22,20,33,0,374535892,-1221911906,265869
18,22,26,33,0,374535965,-1221911782,266567
18,22,32,33,0,374535940,-1221912140,267877
18,22,38,33,0,374535759,-1221912275,269489
18,22,44,33,0,374535446,-1221911917,269912
18,22,50,33,0,374535442,-1221911876,270185
18,22,56,34,0,374535488,-1221912473,270390
18,23,2,34,0,374535656,-1221912720,269759
18,23,8,34,0,374535897,-1221912916,270167
18,23,14,34,0,374535839,-1221912755,270348
18,23,20,33,0,374535581,-1221912389,270245
18,23,26,33,0,374535476,-1221912172,269330
18,23,32,33,0,374535733,-1221912109,270173
18,23,38,33,0,374535797,-1221912714,269909
18,23,44,33,0,374535485,-1221913362,269152
18,23,50,33,0,374535040,-1221913573,269204
18,23,56,33,0,374534435,-1221913165,269230
18,24,2,34,0,374534179,-1221913259,268604
18,24,8,34,0,374533965,-1221913682,267851
18,24,14,34,0,374533725,-1221913841,266461
18,24,20,34,0,374533540,-1221913765,264244
18,24,26,34,0,374533486,-1221913884,263194
18,24,32,34,0,374533318,-1221913464,262018
18,24,38,34,0,374533124,-1221913262,260987
18,24,44,34,0,374533101,-1221913225,260227
18,24,50,34,0,374533148,-1221913483,258981
18,24,56,34,0,374533156,-1221913587,258619
18,25,2,34,0,374533313,-1221913747,257990
18,25,8,34,0,374533588,-1221914114,257230
18,25,14,34,0,374533707,-1221914031,256776
18,25,20,34,0,374533877,-1221914164,255679
18,25,26,34,0,374534119,-1221914255,255966
18,25,32,34,0,374534195,-1221913948,256508
18,25,38,34,0,374534438,-1221914060,256116
18,25,44,34,0,374534678,-1221913998,256855
18,25,50,34,0,374534937,-1221913760,257687
18,25,56,34,0,374534910,-1221913454,257105
18,26,2,34,0,374534856,-1221913339,256767
18,26,8,34,0,374534508,-1221913129,256028
18,26,14,34,0,374534287,-1221913499,254981
18,26,20,34,0,374533988,-1221913871,254749
18,26,26,34,0,374533759,-1221913852,253567
18,26,32,34,0,374533619,-1221914056,254097
18,26,38,34,0,374533431,-1221914080,253953
18,26,44,34,0,374533370,-1221913860,253109
18,26,50,33,0,374533661,-1221914454,252839
18,26,56,33,0,374533376,-1221914273,251606
18,27,2,33,0,374533219,-1221914179,250389
18,27,8,33,0,374533169,-1221914429,249791
18,27,14,33,0,374533054,-1221914944,248390
18,27,20,33,0,374533222,-1221915204,247829
18,27,26,33,0,374533035,-1221914789,246579
18,27,32,33,0,374532909,-1221914526,246244
18,27,38,33,0,374532754,-1221914105,245391
18,27,44,33,0,374532918,-1221913989,245101
18,27,50,33,0,374533040,-1221913489,244798
18,27,56,33,0,374533347,-1221913572,244190
18,28,2,33,0,374533496,-1221913429,243602
18,28,8,33,0,374534016,-1221913553,244786
18,28,14,33,0,374535034,-1221913714,246259
18,28,20,33,0,374535396,-1221913661,243587
18,28,26,33,0,374535250,-1221913326,242161
18,28,32,33,0,374535159,-1221913377,241606
18,28,38,33,0,374535019,-1221913718,240724
18,28,44,33,0,374534822,-1221913622,240087
18,28,50,33,0,374534810,-1221913874,238686
18,28,56,33,0,374535080,-1221913942,237605
18,29,2,33,0,374535165,-1221913687,237588
18,29,8,33,0,374535586,-1221913262,238466
18,29,14,33,0,374535486,-1221912290,238206
18,29,20,33,0,374535171,-1221911453,237201
18,29,26,33,0,374534806,-1221911654,234428
18,29,32,33,0,374534571,-1221912320,232078
18,29,38,33,0,374534514,-1221912781,230274
18,29,44,33,0,374534643,-1221912647,228298
18,29,50,33,0,374534923,-1221912097,226748
18,29,56,33,0,374535469,-1221912189,225328
18,30,2,33,0,374535892,-1221912288,223575
18,30,8,33,0,374536162,-1221912565,221934
18,30,14,33,0,374536159,-1221912854,219488
18,30,20,33,0,374536149,-1221913095,217191
18,30,26,33,0,374536044,-1221912877,215256
18,30,32,33,0,374535952,-1221912143,213520
18,30,38,33,0,374536098,-1221911780,212314
18,30,44,33,0,374536217,-1221911926,211727
18,30,50,33,0,374535982,-1221912009,210936
18,30,56,33,0,374536097,-1221911131,210948
18,31,2,33,0,374535952,-1221910574,211284
18,31,8,33,0,374535727,-1221910537,211505
18,31,14,33,0,374535870,-1221910614,212210
18,31,20,33,0,374535650,-1221911078,212610
18,31,26,33,0,374536033,-1221911050,212579
18,31,32,33,0,374536004,-1221911318,212775
18,31,38,33,0,374536262,-1221911330,212798
18,31,44,33,0,374536403,-1221911435,212778
18,31,50,33,0,374536399,-1221911280,211698
18,31,56,33,0,374536560,-1221911114,211229
18,32,2,33,0,374536722,-1221911054,210424
18,32,8,33,0,374536711,-1221911037,210117
18,32,14,33,0,374536208,-1221910891,210135
18,32,20,33,0,374535950,-1221910483,209991
18,32,26,33,0,374535760,-1221910279,209886
18,32,32,33,0,374535816,-1221910222,209913
18,32,38,33,0,374535805,-1221910299,209175
18,32,44,33,0,374535862,-1221910273,207624
18,32,50,33,0,374535615,-1221910322,205775
18,32,56,33,0,374535591,-1221910177,204298
18,33,2,33,0,374535593,-1221910181,201731
18,33,8,33,0,374535728,-1221910249,199461
18,33,14,33,0,374535775,-1221910255,197055
18,33,20,33,0,374535775,-1221910378,194649
18,33,26,33,0,374535768,-1221910803,192748
18,33,32,33,0,374535907,-1221910961,191239
18,33,38,33,0,374535866,-1221911197,189126
18,33,44,33,0,374535926,-1221911307,186597
18,33,50,33,0,374535756,-1221911457,183961
18,33,56,33,0,374535713,-1221911472,182761
18,34,2,33,0,374535868,-1221911452,183177
18,34,8,33,0,374535953,-1221911259,183047
18,34,14,33,0,374535893,-1221911332,182472
18,34,20,33,0,374535844,-1221911465,181535
18,34,26,33,0,374535970,-1221911372,178522
18,34,32,33,0,374535825,-1221911657,175948
18,34,38,33,0,374535659,-1221911980,172931
18,34,44,33,0,374535644,-1221911878,170317
18,34,50,33,0,374535774,-1221911676,167295
18,34,56,33,0,374536048,-1221911766,164460
18,35,2,33,0,374535396,-1221912614,162526
18,35,8,33,0,374534987,-1221912521,162435
18,35,14,33,0,374535040,-1221912529,162292
18,35,20,33,0,374535201,-1221912575,162701
18,35,26,33,0,374535208,-1221912941,162450
18,35,32,33,0,374535227,-1221912727,162589
18,35,38,33,0,374535261,-1221912802,162337
18,35,44,33,0,374535378,-1221912561,164087
18,35,50,33,0,374535578,-1221912352,164040
18,35,56,33,0,374535948,-1221912375,163453
18,36,2,33,0,374536239,-1221912420,164225
18,36,8,33,0,374536350,-1221911802,164135
18,36,14,33,0,374536386,-1221911884,163248
18,36,20,33,0,374536217,-1221912128,162345
18,36,26,33,0,374536092,-1221912389,160565
18,36,32,33,0,374536035,-1221912126,158850
18,36,38,33,0,374535960,-1221912320,156601
18,36,44,33,0,374535966,-1221912371,154162
18,36,50,33,0,374535921,-1221912203,152163
18,36,56,33,0,374535999,-1221912302,150281
18,37,2,33,0,374536233,-1221912690,148267
18,37,8,32,0,374536756,-1221912736,145559
18,37,14,33,0,374537179,-1221913155,142571
18,37,20,32,0,374536885,-1221913285,141344
18,37,26,32,0,374536576,-1221913447,141533
18,37,32,32,0,374536751,-1221913847,141180
18,37,38,32,0,374536423,-1221913891,140218
18,37,44,32,0,374536243,-1221913535,139940
18,37,50,32,0,374536437,-1221913603,138869
18,37,56,32,0,374536408,-1221913776,135620
18,38,2,32,0,374536142,-1221913671,133860
18,38,8,32,0,374535797,-1221913746,131164
18,38,14,32,0,374535685,-1221913514,128686
18,38,20,32,0,374535951,-1221913366,127149
18,38,26,32,0,374536228,-1221912666,124841
18,38,32,32,0,374536308,-1221911545,122787
18,38,38,32,0,374536395,-1221912249,122097
18,38,44,32,0,374536770,-1221912458,121783
18,38,50,32,0,374536847,-1221912385,122553
18,38,56,32,0,374536791,-1221912943,122057
18,39,2,32,0,374537058,-1221912989,121481
18,39,8,32,0,374536745,-1221912130,120956
18,39,14,32,0,374536706,-1221911789,122136
18,39,20,32,0,374536903,-1221912276,122088
18,39,26,32,0,374536702,-1221912305,122503
18,39,32,32,0,374536429,-1221912115,121902
18,39,38,32,0,374536835,-1221911936,122196
18,39,44,32,0,374536721,-1221911910,121451
18,39,50,32,0,374536260,-1221911998,117555
18,39,56,32,0,374535790,-1221912070,111631
18,40,2,32,0,374536109,-1221911845,107870
18,40,8,32,0,374536718,-1221911245,104695
18,40,14,32,0,374536737,-1221911446,100629
18,40,20,32,0,374536310,-1221911684,97323
18,40,26,32,0,374536237,-1221911482,96986
18,40,32,32,0,374536294,-1221911323,97472
18,40,38,32,0,374536228,-1221911398,96404
18,40,44,32,0,374536180,-1221911170,94422
18,40,50,32,0,374536063,-1221911004,92475
18,40,56,32,0,374535941,-1221911037,91395
18,41,2,32,0,374536377,-1221910916,88718
18,41,8,32,0,374536362,-1221911540,86592
18,41,14,32,0,374536252,-1221911752,83990
18,41,20,32,0,374536240,-1221911815,85184
18,41,26,32,0,374536188,-1221911626,84617
18,41,32,32,0,374536244,-1221911876,84180
18,41,38,32,0,374536434,-1221911826,83687
18,41,44,32,0,374536712,-1221911627,83632
18,41,50,32,0,374536877,-1221911689,82594
18,41,56,32,0,374536715,-1221912026,83272
18,42,2,32,0,374536896,-1221911988,82847
18,42,8,32,0,374536890,-1221911877,80992
18,42,14,32,0,374536762,-1221911892,79758
18,42,20,32,0,374536797,-1221911721,77366
18,42,26,32,0,374536850,-1221911600,75809
18,42,32,32,0,374536785,-1221911571,75317
18,42,38,32,0,374536644,-1221911715,75048
18,42,44,32,0,374536604,-1221911472,76301
18,42,50,32,0,374536609,-1221911355,75946
18,42,56,32,0,374536671,-1221911353,75461
18,43,2,32,0,374536563,-1221911527,75831
18,43,8,32,0,374536621,-1221911515,75350
18,43,14,32,0,374536514,-1221911444,75190
18,43,20,32,0,374536213,-1221911587,74075
18,43,26,32,0,374536187,-1221911685,73992
18,43,32,32,0,374536084,-1221911306,72575
18,43,38,32,0,374536048,-1221911432,71645
18,43,44,32,0,374536041,-1221911411,70797
18,43,50,32,0,374536098,-1221911655,68629
18,43,56,32,0,374536155,-1221911671,66445
18,44,2,32,0,374536127,-1221911482,64201
18,44,8,32,0,374535807,-1221911447,62891
18,44,14,32,0,374535793,-1221911431,63886
18,44,20,32,0,374535820,-1221911614,63496
18,44,26,32,0,374536022,-1221911746,62594
18,44,32,32,0,374536219,-1221911529,60898
18,44,38,32,0,374536272,-1221911644,58538
18,44,44,32,0,374536108,-1221911457,55738
18,44,50,32,0,374536409,-1221911535,55517
18,44,56,32,0,374536131,-1221911684,56090
18,45,2,32,0,374536402,-1221911654,56726
18,45,8,32,0,374536358,-1221911370,56643
18,45,14,32,0,374536080,-1221911306,56042
18,45,20,32,0,374535865,-1221911312,55626
18,45,26,32,0,374535702,-1221911363,55007
18,45,32,32,0,374535700,-1221911105,55035
18,45,38,32,0,374535597,-1221910993,54186
18,45,44,32,0,374535387,-1221910982,53255
18,45,50,32,0,374535547,-1221910638,52423
18,45,56,32,0,374535562,-1221911169,50909
18,46,2,32,0,374535514,-1221911651,49096
18,46,8,32,0,374535970,-1221911743,47685
18,46,14,32,0,374536171,-1221911828,45238
18,46,20,31,0,374535705,-1221912219,44923
18,46,26,31,0,374536006,-1221911563,45130
18,46,32,31,0,374536058,-1221912206,45269
18,46,38,31,0,374536202,-1221912137,43039
18,46,44,31,0,374536130,-1221911978,39648
18,46,50,31,0,374536320,-1221912243,37828
18,46,56,31,0,374536486,-1221912184,34534
18,47,2,31,0,374536425,-1221912019,32382
18,47,8,31,0,374536445,-1221912048,32225
18,47,14,31,0,374536555,-1221912066,32348
18,47,20,31,0,374536607,-1221912044,32247
18,47,26,31,0,374536793,-1221912075,32641
18,47,32,31,0,374536777,-1221912179,31672
18,47,38,31,0,374536889,-1221911999,31654
18,47,44,31,0,374536755,-1221912027,32500
18,47,50,31,0,374536638,-1221911992,32104
18,47,56,31,0,374536718,-1221912130,32978
18,48,2,31,0,374537035,-1221912254,33423
18,48,8,31,0,374536919,-1221912234,33390
18,48,14,31,0,374536961,-1221911950,31905
18,48,20,31,0,374536795,-1221912550,27787
18,48,26,31,0,374536541,-1221911784,23352
18,48,32,31,0,374536496,-1221912214,20515
18,48,38,31,0,374536761,-1221911834,19547
18,48,44,31,0,374536653,-1221911857,20371
18,48,50,31,0,374536708,-1221911986,20389
18,48,56,31,0,374536679,-1221912019,19306
18,49,2,31,0,374536723,-1221912095,17233
18,49,8,31,0,374536732,-1221912285,14190
18,49,14,31,0,374536882,-1221912402,11920
18,49,20,31,0,374536950,-1221912154,8804
18,49,26,31,0,374536669,-1221912210,6666
18,49,32,31,0,374536935,-1221912078,6656
18,49,38,31,0,374536643,-1221912160,5052
18,49,44,31,0,374537011,-1221912368,3968
18,49,50,31,0,374536784,-1221912323,1223
18,49,56,31,0,374536944,-1221912451,-1408
18,50,2,31,0,374536780,-1221912453,-2283
18,50,8,31,0,374537014,-1221912580,-2210
18,50,14,31,0,374536975,-1221912463,-2345
18,50,20,31,0,374536921,-1221912518,-1189
18,50,26,31,0,374536949,-1221912619,-308
18,50,32,31,0,374536908,-1221912668,-60
18,50,38,31,0,374536977,-1221912578,-379
18,50,44,31,0,374536963,-1221912684,-1205
18,50,50,31,0,374536974,-1221912687,-3266
18,50,56,31,0,374537164,-1221912652,-5145
18,51,2,31,0,374537143,-1221912668,-6653
18,51,8,31,0,374537069,-1221912710,-7906
18,51,14,31,0,374537127,-1221912739,-10173
18,51,20,31,0,374537122,-1221912768,-10338
18,51,26,31,0,374537086,-1221912802,-10704
18,51,32,31,0,374537011,-1221912797,-9792
18,51,38,31,0,374537133,-1221912839,-9827
18,51,44,31,0,374537088,-1221912782,-9714
18,51,50,31,0,374536962,-1221912733,-10080
18,51,56,31,0,374536995,-1221912684,-11046
18,52,2,31,0,374536933,-1221912638,-9289
18,52,8,31,0,374536880,-1221912640,-7614
18,52,14,31,0,374536866,-1221912526,-9393
18,52,20,31,0,374536949,-1221912597,-10699
18,52,26,31,0,374537052,-1221912575,-12476
18,52,32,31,0,374537103,-1221912535,-13668
18,52,38,31,0,374537142,-1221912484,-14058
18,52,44,31,0,374537202,-1221912443,-14352
18,52,50,31,0,374537204,-1221912372,-14281
18,52,56,31,0,374537197,-1221912396,-13711
18,53,2,31,0,374537194,-1221912410,-12901
18,53,8,31,0,374537176,-1221912407,-12556
18,53,14,31,0,374537021,-1221912519,-11346
18,53,20,31,0,374536988,-1221912503,-10930
18,53,26,31,0,374536999,-1221912537,-10727
18,53,32,31,0,374537044,-1221912557,-11323
18,53,38,31,0,374537006,-1221912595,-9359
18,53,44,30,0,374536939,-1221912666,-8714
18,53,50,30,0,374536912,-1221912560,-7467
18,53,56,30,0,374536897,-1221912688,-9533
18,54,2,30,0,374536933,-1221912656,-10001
18,54,8,30,0,374536895,-1221912630,-9496
18,54,14,30,0,374536818,-1221912641,-7543
18,54,20,30,0,374536758,-1221912662,-6159
18,54,26,30,0,374536785,-1221912657,-6305
18,54,32,30,0,374536803,-1221912684,-7407
18,54,38,30,0,374536879,-1221912717,-8726
18,54,44,30,0,374536928,-1221912786,-8473
18,54,50,30,0,374536989,-1221912872,-8469
18,54,56,30,0,374537314,-1221913144,-7443
18,55,2,30,0,374537383,-1221913229,-6338
18,55,8,30,0,374537435,-1221913213,-8108
18,55,14,30,0,374537426,-1221913167,-11348
18,55,20,30,0,374537480,-1221913131,-13029
18,55,26,30,0,374537480,-1221913059,-15319
18,55,32,30,0,374537480,-1221913022,-16603
18,55,38,30,0,374537355,-1221912936,-18757
18,55,44,30,0,374537352,-1221912913,-19176
18,55,50,30,0,374537254,-1221912961,-18217
18,55,56,30,0,374537220,-1221913000,-16049
18,56,2,30,0,374537278,-1221912975,-16228
18,56,8,30,0,374537207,-1221912945,-16510
18,56,14,30,0,374537256,-1221912968,-15860
18,56,20,30,0,374537347,-1221912969,-15162
18,56,26,30,0,374537424,-1221913136,-12608
18,56,32,30,0,374537533,-1221913092,-11929
18,56,38,30,0,374537794,-1221913196,-13790
18,56,44,30,0,374538034,-1221913319,-16061
18,56,50,30,0,374538141,-1221913304,-11183
18,56,56,30,0,374538460,-1221913145,-7244
18,57,2,30,0,374539148,-1221912970,-9468
18,57,8,30,0,374539755,-1221913345,-9707
18,57,14,30,0,374539974,-1221913479,-12310
18,57,20,30,0,374540265,-1221913576,-10128
18,57,26,30,0,374540730,-1221912939,-913
18,57,32,30,0,374541020,-1221909615,5213
